Year,Manufacturer,Model,Type,Boost,Rarity,Price,Class,PI
2017,Abarth,124 Spider,Modern Sports Cars,,Rare,43500,C,577
2016,Abarth,695 Biposto,Hot Hatch,,Rare,48000,B,607
1980,Abarth,Fiat 131,Classic Rally,,Rare,38000,D,449
1968,Abarth,595 esseesse,Cult Cars,,Common,35000,D,100
2017,Acura,NSX,Modern Super Cars,,Rare,170000,S1,850
2002,Acura,RSX Type-S,Retro Hot Hatch,,Common,25000,C,588
2001,Acura,Integra Type-R,Retro Hot Hatch,,Common,25000,C,596
2018,Alfa Romeo,Stelvio Quadrifoglio,Sports Utility Heroes,,Common,80000,A,752
2017,Alfa Romeo,Giulia Quadrifoglio,Super Saloons,,Rare,120000,A,795
2016,Alfa Romeo,Giulia Quadrifoglio Forza Edition,Super Saloons,Event Influence,FE,370000,S1,812
2014,Alfa Romeo,4C,Modern Sports Cars,,Common,74000,A,770
2007,Alfa Romeo,8C Competizione Forza Edition,GT Cars,Credits,FE,550000,S1,855
2007,Alfa Romeo,8C Competizione,GT Cars,,Legendary,300000,A,777
1992,Alfa Romeo,155 Q4 ,Retro Saloons,,Epic,250000,C,541
1968,Alfa Romeo,33 Stradale,Classic Racers,,Legendary,10000000,A,716
1965,Alfa Romeo,Giulia TZ2,Classic Racers,,Legendary,2500000,B,639
1965,Alfa Romeo,Giulia Sprint GTA Stradale,Rare Classics,,Epic,300000,D,432
1934,Alfa Romeo,P3,Vintage Racers,,Legendary,10000000,B,626
2017,Alpine,A110,Modern Sports Cars,,Epic,250000,A,740
2015,Alumi Craft,Class 10 Race Car Forza Edition,Offroad Buggies,Destruction,FE,350000,B,679
2015,Alumi Craft,Class 10 Race Car,Offroad Buggies,,Epic,100000,B,673
1973,AMC,Gremlin X,Cult Cars,,Common,35000,D,394
1971,AMC,Javelin AMX,Classic Muscle,,Common,35000,C,512
1970,AMC,"Rebel ""The Machine""",Classic Muscle,,Legendary,250000,C,541
2554,AMG TD,M12S Warthog CST,Extreme Offroad,,Legendary,850000,A,756
2018,Apollo,Intensa Emozione,Extreme Track Toys,,Legendary,1050000,S2,984
2016,Ariel,Nomad,Offroad Buggies,,Epic,93000,A,732
2013,Ariel,Atom 500 V8,Extreme Track Toys,,Epic,108000,S2,970
2012,Ascari,KZ1R,Modern Super Cars,,Legendary,240000,S1,866
2019,Aston Martin,DBS Superleggera,Super GT,,Epic,250000,S1,853
2018,Aston Martin,Vantage,Super GT,,Epic,430000,S1,822
2017,Aston Martin,Vulcan AMR Pro,Extreme Track Toys,,Epic,1500000,S2,954
2017,Aston Martin,DB11 PreOrder Car,Super GT,,Epic,300000,S1,900
2017,Aston Martin,Vanquish Zagato Coupe,Super GT,,Epic,250000,S1,824
2017,Aston Martin,DB11,Super GT,,Epic,300000,S1,810
2016,Aston Martin,Vulcan Forza Edition,Extreme Track Toys,Clean Skills,FE,1750000,S2,955
2016,Aston Martin,Vulcan,Extreme Track Toys,,Legendary,1500000,S2,954
2016,Aston Martin,Vantage GT12,Track Toys,,Epic,400000,S1,846
2013,Aston Martin,V12 Vantage S,Super GT,,Rare,240000,S1,814
2012,Aston Martin,Vanquish,Super GT,,Epic,348000,S1,802
2010,Aston Martin,One-77,Super GT,,Legendary,1400000,S1,863
1964,Aston Martin,DB5,Rare Classics,,Epic,800000,C,534
1960,Aston Martin,DB4 GT Zagato,Classic Sports Cars,,Legendary,500000,B,619
1958,Aston Martin,DBR1,Classic Racers,,Legendary,10000000,B,688
2018,ATS,GT,Modern Super Cars,,Epic,250000,S1,894
2016,Audi,R8 V10 plus,Modern Super Cars,,Legendary,242000,S1,856
2015,Audi,RS 6 Avant,Super Saloons,,Epic,150000,A,778
2015,Audi,TTS Coupe,Modern Sports Cars,,Rare,52000,A,740
2015,Audi,S1,Hot Hatch,,Rare,35000,B,679
2013,Audi,R8 Coupe V10 plus 5.2 FSI quattro,Modern Super Cars,,Rare,290000,S1,824
2013,Audi,RS 7 Sportback,Super Saloons,,Legendary,225000,A,761
2013,Audi,RS 4 Avant,Super Saloons,,Epic,83000,A,750
2011,Audi,RS 5 Coupe,Super Saloons,,Epic,88000,A,750
2011,Audi,RS 3 Sportback,Super Hot Hatch,,Rare,42000,B,699
2010,Audi,TT RS Coupe,Modern Sports Cars,,Epic,66000,A,722
2009,Audi,RS 6,Super Saloons,,Epic,155000,A,743
2006,Audi,RS 4,Super Saloons,,Epic,53000,A,729
2003,Audi,RS 6,Retro Saloons,,Epic,105000,A,710
2001,Audi,RS 4 Avant,Retro Saloons,,Epic,94000,B,695
1995,Audi,RS 2 Avant,Retro Saloons,,Rare,50000,B,616
1986,Audi,#2 Audi Sport quattro S1,Rally Monsters,,Epic,375000,S1,850
1983,Audi,Sport quattro,Retro Rally,,Legendary,175000,B,621
1964,Austin,FX4 Taxi,Cult Cars,,Common,20000,D,100
1924,Austin,Seven,Rare Classics,,Legendary,250000,D,100
1965,Austin-Healey,3000 MkIII,Classic Sports Cars,,Rare,50000,D,326
1958,Austin-Healey,Sprite MkI,Classic Sports Cars,,Common,20000,D,100
1939,Auto Union,Type D,Vintage Racers,,Legendary,10000000,B,692
2014,BAC,Mono,Track Toys,,Rare,160000,S1,900
2017,Bentley,Continental Supersports,GT Cars,,Rare,200000,A,798
2016,Bentley,Bentayga,Sports Utility Heroes,,Epic,180000,A,758
2013,Bentley,Continental GT Speed Forza Edition,Track Toys,Clean Skills,FE,492000,S1,835
2013,Bentley,Continental GT Speed,GT Cars,,Rare,242000,A,774
1991,Bentley,Turbo R,Retro Saloons,,Rare,250000,C,546
1931,Bentley,4-1/2 Liter Supercharged,Vintage Racers,,Legendary,10000000,D,200
1931,Bentley,8-Liter,Rare Classics,,Legendary,1500000,D,176
2019,BMW,Z4 Roadster,Modern Sports Cars,,Common,35000,A,722
2018,BMW,M5,Super Saloons,,Epic,105000,S1,806
2018,BMW,i8 Roadster,Modern Super Cars,,Epic,150000,A,776
2016,BMW,M4 GTS,Track Toys,,Rare,135000,S1,841
2016,BMW,M2 Coupe,Super Saloons,,Rare,69000,A,737
2015,BMW,i8,Modern Super Cars,,Rare,140000,A,785
2015,BMW,X6 M,Sports Utility Heroes,,Epic,130000,A,727
2014,BMW,M4 Coupe,Super Saloons,,Epic,92000,A,800
2013,BMW,M6 Coupe Forza Edition,GT Cars,Drift Skills,FE,370000,A,780
2013,BMW,M6 Coupe,GT Cars,,Epic,120000,A,779
2012,BMW,M5,Super Saloons,,Rare,112000,A,790
2011,BMW,1 Series M Coupe,Super Saloons,,Rare,55000,A,731
2011,BMW,Z4 sDrive35is,Modern Sports Cars,,Rare,55000,A,727
2011,BMW,X5 M,Sports Utility Heroes,,Epic,100000,A,708
2010,BMW,M3 GTS,Track Toys,,Epic,250000,S1,814
2009,BMW,M5,Super Saloons,,Rare,90000,A,758
2008,BMW,M3,Super Saloons,,Rare,48000,A,745
2008,BMW,Z4 M Coupe,Modern Sports Cars,,Epic,82000,A,710
2005,BMW,M3,Retro Saloons,,Common,33000,A,706
2003,BMW,M5,Retro Saloons,,Common,30000,A,719
2002,BMW,M3-GTR,Track Toys,,Legendary,120000,A,765
2002,BMW,Z3 M Coupe,Retro Sports Cars,,Common,30000,A,713
1997,BMW,M3,Retro Saloons,,Common,35000,B,694
1995,BMW,M5,Retro Saloons,,Common,25000,B,634
1995,BMW,850CSi,Retro Sports Cars,,,250000,B,612
1991,BMW,M3,Retro Saloons,,Rare,50000,C,586
1988,BMW,M5 Forza Edition,Retro Saloons,Event Influence,FE,304000,B,601
1988,BMW,M5,Retro Saloons,,Rare,50000,C,594
1981,BMW,M1,Retro Super Cars,,Epic,585000,B,652
1973,BMW,2002 Turbo,Classic Sports Cars,,Common,26000,D,500
1957,BMW,Isetta 300 Export,Cult Cars,,Rare,45000,D,100
2012,Bowler,EXR S,Extreme Offroad,,Legendary,2000000,A,760
2019,Bugatti,Divo,Extreme Track Toys,,Legendary,250000,S2,958
2018,Bugatti,Chiron,Hypercars,,Legendary,2400000,S2,938
2011,Bugatti,Veyron Super Sport,Hypercars,,Legendary,2200000,S2,922
1992,Bugatti,EB110 Super Sport,Retro Super Cars,,Legendary,1700000,S1,829
1926,Bugatti,Type 35 C,Vintage Racers,,Legendary,10000000,D,374
1987,Buick,Regal GNX,Retro Muscle,,Rare,130000,C,567
1970,Buick,GSX,Classic Muscle,,Legendary,250000,C,572
2016,Cadillac,CTS-V Sedan,Modern Muscle,,Common,80000,A,785
2016,Cadillac,ATS-V,Modern Muscle,,Common,65000,A,737
2013,Cadillac,XTS Limousine,Super Saloons,,Rare,48500,C,534
2012,Cadillac,Escalade ESV,Sports Utility Heroes,,Rare,250000,C,564
1959,Cadillac,Eldorado Biarritz Convertible,Rods and Customs,,Common,60000,D,400
2018,Can-Am,Maverick X RS Turbo R,Offroad Buggies,,Common,25000,B,692
2013,Caterham,Superlight R500,Track Toys,,Rare,82000,S1,804
2013,Caterham,Superlight R500 Forza Edition,Track Toys,Drift Skills,FE,332000,S1,804
2020,Chevrolet,Corvette Stingray Coupe,Modern Super Cars,,Epic,250000,S1,830
2019,Chevrolet,Corvette ZR1,Track Toys,,Epic,255000,S1,895
2018,Chevrolet,Silverado 1500 DeBerti Design Drift Truck,Extreme Track Toys,,Epic,300000,S1,849
2018,Chevrolet,Camaro ZL1 1LE,Track Toys,,Rare,105000,S1,849
2017,Chevrolet,Camaro ZL1 Preorder Car,Modern Muscle,,Rare,60000,S1,900
2017,Chevrolet,Camaro ZL1,Modern Muscle,,Rare,60000,S1,848
2017,Chevrolet,Colorado ZR2,Offroad,,Common,46000,C,598
2015,Chevrolet,Corvette Z06,Modern Muscle,,Epic,110000,S1,871
2015,Chevrolet,Camaro Z/28,Track Toys,,Common,86000,S1,818
2009,Chevrolet,Corvette ZR1,Modern Muscle,,Rare,125000,S1,824
2002,Chevrolet,Corvette Z06,Retro Muscle,,Common,35000,A,748
1996,Chevrolet,Impala Super Sport,Retro Muscle,,Epic,250000,C,510
1995,Chevrolet,Corvette ZR-1,Retro Muscle,,Rare,45000,A,741
1990,Chevrolet,Camaro IROC-Z,Retro Muscle,,Rare,,C,512
1988,Chevrolet,Monte Carlo Super Sport,Retro Muscle,,Common,25000,D,415
1979,Chevrolet,Camaro Z28,Classic Muscle,,Common,35000,D,460
1970,Chevrolet,Chevelle Super Sport Barrett-Jackson Edition,Classic Muscle,,Epic,105000,A,757
1970,Chevrolet,Corvette ZR-1,Classic Muscle,,Epic,310000,B,605
1970,Chevrolet,El Camino Super Sport 454,Vans & Utility,,Rare,65000,C,556
1970,Chevrolet,Camaro Z28,Classic Muscle,,Rare,53000,C,547
1970,Chevrolet,Chevelle Super Sport 454,Classic Muscle,,Common,80000,C,542
1969,Chevrolet,Nova Super Sport 396 Forza Edition,Classic Muscle,Speed Skills,FE,297000,B,657
1969,Chevrolet,Camaro Super Sport Coupe,Classic Muscle,,Rare,110000,C,566
1969,Chevrolet,Nova Super Sport 396,Classic Muscle,,Rare,47000,C,552
1967,Chevrolet,Corvette Stingray 427,Classic Muscle,,Rare,150000,B,621
1967,Chevrolet,Chevelle Super Sport 396,Classic Muscle,,Legendary,250000,C,561
1966,Chevrolet,Nova Super Sport,Classic Muscle,,Common,70000,C,582
1964,Chevrolet,Impala Super Sport 409,Rods and Customs,,Rare,46000,C,527
1960,Chevrolet,Corvette,Classic Sports Cars,,Rare,150000,C,521
1957,Chevrolet,Bel Air,Rods and Customs,,Rare,130000,D,444
1955,Chevrolet,150 Utility Sedan,Rods and Customs,,Rare,35000,D,286
1953,Chevrolet,Corvette,Classic Sports Cars,,Rare,135000,D,347
1972,Chrysler,VH Valiant Charger R/T E49,Classic Muscle,,Rare,60000,C,557
1970,Datsun,510,Cult Cars,,Common,25000,D,209
2018,Dodge,Challenger SRT Demon,Modern Muscle,,Epic,150000,S1,823
2018,Dodge,Durango SRT,Sports Utility Heroes,,Rare,70000,A,709
2016,Dodge,Viper ACR,Track Toys,,Rare,150000,S1,893
2015,Dodge,Charger SRT Hellcat,Modern Muscle,,Epic,80000,A,785
2015,Dodge,Challenger SRT Hellcat,Modern Muscle,,Rare,75000,A,776
2013,Dodge,SRT Viper GTS,Modern Muscle,,Rare,95000,S1,831
2008,Dodge,Viper SRT10 ACR,Track Toys,,Rare,90000,S1,866
1999,Dodge,Viper GTS ACR,Retro Muscle,,Rare,75000,A,732
1970,Dodge,Challenger R/T,Classic Muscle,,Epic,210000,C,562
1969,Dodge,Charger Daytona HEMI,Classic Muscle,,Epic,900000,C,595
1969,Dodge,Charger R/T,Classic Muscle,,Rare,103000,C,558
1968,Dodge,Dart HEMI Super Stock,Classic Muscle,,Rare,125000,B,626
2013,Donkervoort,D8 GTO,Track Toys,,Rare,175000,S1,827
2011,DS Automobiles,DS3 Racing,Hot Hatch,,Common,38000,B,624
2012,Eagle (U.K.),Speedster,Modern Sports Cars,,Legendary,550000,A,740
2018,Exomotive,Exocet Off-Road,Offroad Buggies,,Epic,50000,A,729
2019,Ferrari,488 Pista,Track Toys,,Legendary,250000,S2,912
2018,Ferrari,Portofino,Super GT,,Epic,215000,S1,834
2017,Ferrari,812 Superfast,Super GT,,Common,1400000,S1,897
2017,Ferrari,GTC4Lusso,Super GT,,Legendary,430000,S1,840
2015,Ferrari,F12tdf,Hypercars,,Epic,500000,S2,901
2015,Ferrari,488 GTB,Modern Super Cars,,Epic,290000,S1,883
2014,Ferrari,FXX K,Extreme Track Toys,,Legendary,2700000,S2,989
2014,Ferrari,California T,Super GT,,Rare,240000,S1,804
2013,Ferrari,LaFerrari,Hypercars,,Legendary,1500000,S2,966
2013,Ferrari,458 Speciale,Modern Super Cars,,Epic,340000,S1,885
2012,Ferrari,599XX Evoluzione,Extreme Track Toys,,Epic,250000,S2,979
2012,Ferrari,F12berlinetta,Super GT,,Epic,380000,S1,868
2011,Ferrari,FF,Modern Super Cars,,Legendary,255000,S1,815
2010,Ferrari,599XX,Extreme Track Toys,,Legendary,1000000,S2,937
2010,Ferrari,599 GTO,Super GT,,Epic,690000,S1,861
2009,Ferrari,458 Italia,Modern Super Cars,,Epic,300000,S1,846
2007,Ferrari,430 Scuderia,Modern Super Cars,,Epic,300000,S1,834
2005,Ferrari,FXX,Extreme Track Toys,,Common,2500000,S2,961
2003,Ferrari,360 Challenge Stradale,Retro Super Cars,,Rare,200000,A,792
2002,Ferrari,Enzo Ferrari,Retro Super Cars,,Legendary,2800000,S1,874
2002,Ferrari,575M Maranello,Retro Super Cars,,Rare,140000,A,772
1996,Ferrari,"F50 GT ""Welcome Pack""",Extreme Track Toys,,Legendary,1200000,S2,998
1996,Ferrari,F50 GT,Extreme Track Toys,,Legendary,1200000,S2,992
1995,Ferrari,F50,Retro Super Cars,,Legendary,2000000,S1,815
1994,Ferrari,F355 Berlinetta,Retro Super Cars,,Rare,190000,A,737
1992,Ferrari,512 TR,Retro Super Cars,,Legendary,270000,A,754
1989,Ferrari,F40 Competizione,Extreme Track Toys,,Legendary,3000000,S2,961
1987,Ferrari,F40,Retro Super Cars,,Legendary,1200000,S1,807
1984,Ferrari,288 GTO,Retro Super Cars,,Legendary,3100000,A,768
1970,Ferrari,512 S,Classic Racers,,Legendary,250000,S1,872
1969,Ferrari,Dino 246 GT,Rare Classics,,Legendary,425000,C,512
1968,Ferrari,365 GTB/4,Rare Classics,,Epic,600000,B,641
1967,Ferrari,#24 Ferrari Spa 330 P4,Classic Racers,,Legendary,10000000,A,799
1963,Ferrari,250LM,Classic Racers,,Legendary,10000000,A,732
1962,Ferrari,250 GTO,Classic Racers,,Legendary,10000000,B,679
1962,Ferrari,250 GT Berlinetta Lusso,Rare Classics,,Legendary,2600000,C,568
1957,Ferrari,250 Testa Rossa,Classic Racers,,Legendary,10000000,A,704
1957,Ferrari,250 California,Rare Classics,,Legendary,8000000,C,540
1953,Ferrari,500 Mondial,Classic Racers,,Legendary,1000000,C,544
1948,Ferrari,166MM Barchetta,Classic Racers,,Legendary,6500000,C,554
1980,FIAT,124 Sport Spider,Classic Sports Cars,,Common,25000,D,244
1975,FIAT,X1/9,Classic Sports Cars,,Rare,250000,D,127
1969,FIAT,Dino 2.4 Coupe,Classic Sports Cars,,Legendary,250000,D,468
2020,Ford,Mustang Shelby GT500,Modern Muscle,,Epic,250000,S1,863
2019,Ford,Ranger Raptor,Offroad,,Epic,58000,D,498
2018,Ford,#25 Mustang RTR,Extreme Track Toys,,Epic,500000,S1,871
2018,Ford,#88 Mustang RTR,Extreme Track Toys,,Epic,500000,S1,871
2018,Ford,Mustang GT DeBerti Design,Modern Muscle,,Epic,500000,S1,835
2018,Ford,Mustang RTR Spec 5,Modern Muscle,,Epic,500000,A,780
2018,Ford,Mustang GT,Modern Muscle,,Common,40000,A,778
2018,Ford,F-150 Prerunner DeBerti Design Truck,Extreme Offroad,,Epic,250000,A,750
2017,Ford,"GT ""Welcome Pack""",Modern Super Cars,,Legendary,400000,S2,998
2017,Ford,GT,Modern Super Cars,,Epic,400000,S1,900
2017,Ford,#14 Rahal Letterman Lanigan Racing GRC Fiesta,Rally Monsters,,Legendary,500000,S1,880
2017,Ford,M-Sport Fiesta RS,Rally Monsters,,Legendary,500000,S1,819
2017,Ford,Focus RS Preorder Car,Super Hot Hatch,,Rare,59000,A,800
2017,Ford,Focus RS,Super Hot Hatch,,Rare,59000,A,718
2017,Ford,F-150 Raptor,Offroad,,Rare,63000,B,627
2016,Ford,Shelby GT350R,Track Toys,,Rare,75000,S1,840
2015,Ford,Falcon GT F 351,Modern Muscle,,Common,60000,A,739
2014,Ford,#11 Rockstar F-150 Trophy Truck,Extreme Offroad,,Legendary,500000,A,785
2014,Ford,FPV Limited Edition Pursuit Ute,Vans & Utility,,Rare,50000,A,710
2014,Ford,Ranger T6 Rally Raid,Extreme Offroad,,Legendary,500000,A,703
2014,Ford,Fiesta ST,Hot Hatch,,Common,25000,B,621
2013,Ford,Shelby GT500,Modern Muscle,,Epic,115000,A,774
2011,Ford,Transit SuperSportVan Forza Edition,Vans & Utility,Speed Skills,FE,300000,B,695
2011,Ford,F-150 SVT Raptor,Offroad,,Common,42000,C,564
2011,Ford,Transit SuperSportVan,Vans & Utility,,Rare,50000,D,416
2010,Ford,Crown Victoria Police Interceptor,Retro Muscle,,Common,25000,C,521
2009,Ford,Focus RS,Super Hot Hatch,,Rare,25000,B,696
2005,Ford,GT,Retro Super Cars,,Epic,300000,S1,810
2003,Ford,Focus RS,Modern Rally,,Common,30000,B,649
2000,Ford,SVT Cobra R,Retro Muscle,,Common,55000,B,682
1999,Ford,Racing Puma,Retro Rally,,Rare,250000,C,549
1994,Ford,Supervan 3,Track Toys,,Epic,500000,S1,828
1993,Ford,SVT Cobra R,Retro Muscle,,Common,28000,C,533
1992,Ford,Escort RS Cosworth,Retro Rally,,Rare,66000,C,566
1987,Ford,Sierra Cosworth RS500,Retro Saloons,,Rare,66000,B,608
1986,Ford,Escort RS Turbo,Retro Hot Hatch,,Legendary,25000,C,506
1985,Ford,RS200 Evolution,Rally Monsters,,Legendary,260000,S1,839
1981,Ford,Fiesta XR2,Retro Hot Hatch,,Common,25000,D,324
1977,Ford,Escort RS1800,Classic Rally,,Epic,88000,D,311
1977,Ford,#5 Escort RS1800 MkII,Classic Rally,,Epic,250000,A,729
1975,Ford,Bronco Barrett-Jackson Edition,Offroad,,Epic,105000,B,630
1975,Ford,Bronco,Offroad,,Common,38000,D,379
1973,Ford,Capri RS3100 Forza Edition,Rally Monsters,Skills,FE,305000,B,613
1973,Ford,XB Falcon GT,Classic Muscle,,Common,60000,C,529
1973,Ford,Capri RS3100,Classic Sports Cars,,Rare,55000,D,478
1973,Ford,Escort RS1600,Classic Rally,,Rare,73000,D,440
1972,Ford,Falcon XA GT-HO Forza Edition,Classic Muscle,Speed Skills,FE,330000,S1,811
1972,Ford,Falcon XA GT-HO,Classic Muscle,,Common,80000,B,608
1971,Ford,Mustang Mach 1,Classic Muscle,,Rare,45000,C,561
1970,Ford,GT70,Classic Rally,,Legendary,230000,B,694
1969,Ford,Mustang Boss 302,Classic Muscle,,Legendary,230000,C,564
1968,Ford,Mustang GT 2+2 Fastback,Classic Muscle,,Epic,50000,C,505
1966,Ford,#2 GT40 MkII (Le Mans),Classic Racers,,Legendary,10000000,A,795
1966,Ford,Lotus Cortina,Classic Racers,,Rare,50000,D,379
1965,Ford,Mustang GT Coupe,Classic Muscle,,Common,46000,C,507
1965,Ford,Transit,Vans & Utility,,Common,25000,D,100
1964,Ford,GT40 Mk I,Classic Racers,,Legendary,9000000,A,772
1959,Ford,Anglia 105E,Cult Cars,,Common,20000,D,100
1956,Ford,F-100,Rods and Customs,,Common,36000,D,221
1946,Ford,Super Deluxe Station Wagon,Rods and Customs,,Rare,75000,D,100
1940,Ford,De Luxe Coupe,Rods and Customs,,Common,44000,D,100
1932,Ford,"Custom ""Double Down""",Rods and Customs,,Rare,105000,S2,927
1932,Ford,"Roadster ""Hula Girl""",Rods and Customs,,Epic,105000,C,590
1932,Ford,De Luxe Five-Window Coupe,Rods and Customs,,Common,35000,D,100
2018,Formula Drift,#64 Nissan 370Z,Extreme Track Toys,,Epic,250000,S1,884
2017,Formula Drift,#117 599 GTB Fiorano,Extreme Track Toys,,Epic,500000,S1,896
2016,Formula Drift,#530 HSV Maloo Gen-F,Extreme Track Toys,,Legendary,300000,S1,836
2015,Formula Drift,#13 Ford Mustang,Extreme Track Toys,,Legendary,300000,S1,852
2013,Formula Drift,#777 Chevrolet Corvette,Extreme Track Toys,,Epic,250000,S1,885
2006,Formula Drift,#43 Dodge Viper SRT10,Extreme Track Toys,,Legendary,300000,S1,859
1997,Formula Drift,#777 Nissan 240SX,Extreme Track Toys,,Legendary,300000,S1,861
1996,Formula Drift,#232 Nissan 240SX,Extreme Track Toys,,Legendary,300000,S1,859
1995,Formula Drift,#118 Nissan 240SX,Extreme Track Toys,,Legendary,300000,S1,860
1989,Formula Drift,#98 BMW 325i,Extreme Track Toys,,Legendary,300000,S1,837
2018,Funco Motorsports,F9,Offroad Buggies,,Legendary,500000,S1,860
1992,GMC,Typhoon,Vans & Utility,,Epic,250000,C,510
1991,GMC,Syclone,Vans & Utility,,Epic,250000,C,588
1983,GMC,Vandura G-1500,Vans & Utility,,Common,25000,D,151
1985,HDT,VK Commodore Group A,Retro Muscle,,Common,28000,C,545
2019,Hennessey,VelociRaptor 6x6,Offroad,,Legendary,350000,A,705
2012,Hennessey,Venom GT,Hypercars,,Legendary,1200000,S2,930
1966,Hillman,Imp,Cult Cars,,Common,25000,D,100
1988,Holden,VL Commodore Group A SV,Retro Muscle,,Rare,250000,C,578
1977,Holden,Torana A9X,Classic Muscle,,Rare,130000,C,507
1974,Holden,Sandman HQ panel van,Vans & Utility,,Rare,55000,D,500
1973,Holden,HQ Monaro GTS 350,Classic Muscle,,Rare,75000,C,524
2018,Honda,Civic Type R,Super Hot Hatch,,Rare,59000,A,745
2016,Honda,Civic Coupe GRC,Rally Monsters,,Common,155000,S1,878
2015,Honda,Ridgeline Baja Trophy Truck,Extreme Offroad,,Rare,500000,A,751
2015,Honda,Civic Type R,Super Hot Hatch,,Common,38000,A,714
2009,Honda,S2000 CR,Modern Sports Cars,,Common,25000,B,647
2007,Honda,Civic Type-R ,Hot Hatch,,Common,20000,C,576
2005,Honda,NSX-R GT,Retro Sports Cars,,Legendary,500000,A,744
2005,Honda,NSX-R,Retro Sports Cars,,Legendary,150000,A,714
2004,Honda,Civic Type-R,Retro Hot Hatch,,Common,25000,B,610
2003,Honda,S2000,Modern Sports Cars,,Common,25000,B,618
1997,Honda,Civic Type R,Retro Hot Hatch,,Common,25000,C,551
1994,Honda,Prelude Si,Retro Hot Hatch,,Epic,250000,D,500
1992,Honda,NSX-R,Retro Sports Cars,,Rare,90000,A,707
1991,Honda,CR-X SiR,Retro Hot Hatch,,Common,20000,C,504
1984,Honda,Civic CRX Mugen,Retro Hot Hatch,,Rare,40000,D,492
1974,Honda,Civic RS,Retro Hot Hatch,,Common,25000,D,320
1970,Honda,S800,Cult Cars,,Rare,250000,D,193
2017,Hoonigan,Gymkhana 10 Ford Fiesta ST,Rally Monsters,,Legendary,500000,S1,828
2016,Hoonigan,"Gymkhana 9 Ford Focus RS RX ""Welcome Pack""",Rally Monsters,,Legendary,500000,S1,900
2016,Hoonigan,Gymkhana 9 Ford Focus RS RX,Rally Monsters,,Legendary,500000,S1,886
2016,Hoonigan,Gymkhana 10 Ford Focus RS RX,Rally Monsters,,Legendary,500000,S1,886
2015,Hoonigan,Gymkhana 8 Ford Fiesta ST RX43,Rally Monsters,,Legendary,500000,S1,885
1992,Hoonigan,Mazda RX-7 Twerkstallion,Retro Sports Cars,,Common,50000,S1,838
1991,Hoonigan,Gymkhana 10 Ford Escort Cosworth Group A,Rally Monsters,,Common,300000,S1,880
1991,Hoonigan,Rauh-Welt Begriff Porsche 911 Turbo,Retro Super Cars,,Legendary,160000,S1,850
1986,Hoonigan,Ford RS200 Evolution,Rally Monsters,,Legendary,500000,S2,932
1978,Hoonigan,Ford Escort RS1800,Rally Monsters,,Epic,300000,S1,828
1977,Hoonigan,Gymkhana 10 Ford F-150 'Hoonitruck',Extreme Track Toys,,Common,500000,S2,916
1974,Hoonigan,Ford Bronco,Offroad,,Epic,200000,A,721
1972,Hoonigan,Chevrolet Napalm Nova,Classic Muscle,,Rare,50000,A,765
1965,Hoonigan,"Ford ""Hoonicorn"" Mustang",Extreme Track Toys,,Legendary,500000,S2,985
1965,Hoonigan,Gymkhana 10 Ford Hoonicorn Mustang,Extreme Track Toys,,Legendary,500000,S2,985
1955,Hoonigan,Chevrolet Bel Air,Rods and Customs,,Common,76000,D,571
2018,Hot Wheels,2JetZ,Rods and Customs,,Legendary,100000,S1,889
1972,Hot Wheels,Chevrolet LUV,Rods and Customs,,Legendary,100000,B,663
1969,Hot Wheels,International-Harvester Loadstar C0-1600,Rods and Customs,,Legendary,100000,C,563
1957,Hot Wheels,Nash Metropolitan Custom,Rods and Customs,,Legendary,100000,C,559
1957,Hot Wheels,Studebaker Golden Hawk 'Dream Roadster',Rods and Customs,,Legendary,100000,A,701
1949,Hot Wheels,Ford F-5 Dually Custom Hot Rod,Rods and Customs,,Legendary,100000,B,634
2012,Hot Wheels,Rip Rod,Offroad Buggies,,Legendary,300000,A,747
2011,Hot Wheels,Bone Shaker,Rods and Customs,,Common,150000,A,795
2005,Hot Wheels,Ford Mustang,Extreme Track Toys,,Legendary,300000,S1,841
1969,Hot Wheels,Twin Mill,Rods and Customs,,Common,110000,S1,821
2014,HSV,Limited Edition Gen-F GTS Maloo,Vans & Utility,,Rare,62000,A,764
2014,HSV,GEN-F GTS,Modern Muscle,,Rare,75000,A,747
2011,HSV,GTS,Modern Muscle,,Rare,250000,A,713
1996,HSV,GTSR,Retro Muscle,,Rare,250000,B,669
1952,Hudson,Hornet,Rods and Customs,,Rare,66000,D,305
2006,Hummer,H1 Alpha,Offroad,,Epic,112000,D,391
2006,Hummer,H1 Alpha Open Top,Offroad,,Rare,250000,D,382
2019,Hyundai,Veloster N,Super Hot Hatch,,Common,30000,B,657
2015,Infiniti,Q60 Concept,Super Saloons,,Common,50000,A,757
2014,Infiniti,Q50 Eau Rouge,Super Saloons,,Rare,100000,A,783
1970,International,Scout 800A,Offroad,,Common,40000,D,334
2018,Italdesign,Zerouno,Hypercars,,Epic,250000,S1,893
2018,Jaguar,I-PACE,Sports Utility Heroes,,Epic,250000,A,706
2017,Jaguar,F-PACE S,Sports Utility Heroes,,Common,55000,B,698
2016,Jaguar,F-TYPE Project 7,Track Toys,,Rare,190000,S1,805
2015,Jaguar,XKR-S GT,Track Toys,,Legendary,190000,A,798
2015,Jaguar,F-TYPE R Coupe,GT Cars,,Epic,110000,A,795
2015,Jaguar,XFR-S,Super Saloons,,Rare,110000,A,755
2015,Jaguar,XE-S,Super Saloons,,Rare,57000,B,660
2012,Jaguar,XKR-S,GT Cars,,Epic,100000,A,782
1993,Jaguar,XJ220,Retro Super Cars,,Legendary,350000,S1,811
1990,Jaguar,XJ-S,Cult Cars,,Common,25000,C,557
1964,Jaguar,Lightweight E-Type,Rare Classics,,Legendary,10000000,A,707
1961,Jaguar,E-type S1,Rare Classics,,Legendary,150000,C,539
1959,Jaguar,Mk II 3.8,Classic Racers,,Common,80000,D,414
1956,Jaguar,D-Type,Classic Racers,,Legendary,10000000,C,513
1954,Jaguar,XK120 SE,Rare Classics,,Epic,120000,D,469
1953,Jaguar,C-Type,Classic Racers,,Legendary,5000000,D,495
2015,James Bond Edition,Aston Martin DB10 ,Modern Super Cars,,Epic,220000,S1,814
2010,James Bond Edition,Jaguar C-X75 ,Modern Super Cars,,Epic,1500000,S1,900
2008,James Bond Edition,Aston Martin DBS ,GT Cars,,Epic,325000,A,779
1999,James Bond Edition,BMW Z8 ,Retro Sports Cars,,Rare,150000,A,720
1986,James Bond Edition,Aston Martin V8 ,Retro Sports Cars,,Epic,200000,B,620
1981,James Bond Edition,Citroen 2CV6 ,Cult Cars,,Rare,80000,D,100
1977,James Bond Edition,Lotus Esprit S1 ,Retro Super Cars,,Legendary,550000,C,541
1974,James Bond Edition,AMC Hornet X Hatchback,Classic Muscle,,Common,35000,D,414
1969,James Bond Edition,Aston Martin DBS ,Rare Classics,,Legendary,650000,B,612
1964,James Bond Edition,Aston Martin DB5 ,Rare Classics,,Legendary,650000,B,618
2018,Jeep,Grand Cherokee Trackhawk,Sports Utility Heroes,,Rare,73000,A,780
2016,Jeep,Trailcat,Extreme Offroad,,Rare,75000,A,790
2014,Jeep,Grand Cherokee SRT,Sports Utility Heroes,,Rare,80000,A,711
2013,Jeep,Wrangler Unlimited DeBerti Design,Extreme Offroad,,Epic,250000,A,796
2012,Jeep,Wrangler Rubicon,Offroad,,Common,50000,D,488
1976,Jeep,"CJ5 Renegade ""Welcome Pack""",Offroad,,Legendary,60000,B,700
1976,Jeep,CJ5 Renegade,Offroad,,Rare,60000,D,417
2018,Kia,Stinger,Super Saloons,,Common,46000,A,715
2020,Koenigsegg,Jesko,Extreme Track Toys,,Legendary,2800000,S2,998
2017,Koenigsegg,Agera RS,Hypercars,,Legendary,2000000,S2,996
2016,Koenigsegg,Regera,Hypercars,,Legendary,1900000,S2,972
2015,Koenigsegg,One:1,Hypercars,,Legendary,2850000,S2,993
2011,Koenigsegg,Agera,Hypercars,,Legendary,1500000,S2,920
2008,Koenigsegg,CCGT,Extreme Track Toys,,Epic,400000,S2,986
2006,Koenigsegg,CCX,Hypercars,,Legendary,250000,S1,881
2002,Koenigsegg,CC8S,Hypercars,,Legendary,320000,S1,883
2018,KTM,X-Bow GT4,Extreme Track Toys,,Epic,400000,S1,861
2013,KTM,X-Bow R,Track Toys,,Rare,105000,S1,819
2019,Lamborghini,Urus,Sports Utility Heroes,,Legendary,150000,A,795
2018,Lamborghini,Huracan Performante,Track Toys,,Legendary,250000,S1,900
2016,Lamborghini,Centenario LP 770-4,Hypercars,,Legendary,2300000,S2,918
2016,Lamborghini,Aventador Superveloce,Hypercars,,Epic,480000,S2,906
2014,Lamborghini,Huracan LP 610-4,Modern Super Cars,,Rare,240000,S1,866
2014,Lamborghini,Urus concept,Sports Utility Heroes,,Legendary,230000,A,774
2013,Lamborghini,Veneno,Hypercars,,Legendary,4500000,S2,943
2012,Lamborghini,"Aventador LP700-4 ""Welcome Pack""",Hypercars,,Legendary,310000,S1,900
2012,Lamborghini,Aventador LP700-4,Hypercars,,Epic,310000,S1,882
2012,Lamborghini,Aventador LP700-4 Forza Edition,Hypercars,Speed Skills,FE,560000,S1,879
2012,Lamborghini,Aventador J,Hypercars,,Legendary,2700000,S1,871
2012,Lamborghini,Gallardo LP 570-4 Spyder Performante,Modern Super Cars,,Common,280000,S1,814
2011,Lamborghini,Sesto Elemento,Extreme Track Toys,,Legendary,2500000,S2,948
2011,Lamborghini,Gallardo LP 570-4 Superleggera,Modern Super Cars,,Epic,180000,S1,833
2010,Lamborghini,Murcielago LP 670-4 SV,Modern Super Cars,,Legendary,500000,S1,840
2008,Lamborghini,Reventon Forza Edition,Modern Super Cars,Credits,FE,1625000,S1,847
2008,Lamborghini,Reventon,Modern Super Cars,,Legendary,1375000,S1,841
1999,Lamborghini,Diablo GTR,Extreme Track Toys,,Legendary,250000,S2,915
1997,Lamborghini,Diablo SV,Retro Super Cars,,Rare,175000,A,787
1988,Lamborghini,Countach LP5000 QV,Retro Super Cars,,Rare,220000,A,759
1986,Lamborghini,LM 002,Offroad,,Epic,180000,C,553
1972,Lamborghini,Jarama S,Retro Super Cars,,Rare,150000,C,559
1967,Lamborghini,Miura P400,Rare Classics,,Legendary,1000000,B,619
1992,Lancia,Delta HF Integrale EVO,Retro Rally,,Rare,60000,C,532
1986,Lancia,Delta S4,Retro Rally,,Epic,146000,B,638
1982,Lancia,037 Stradale,Retro Rally,,Epic,95000,C,590
1974,Lancia,Stratos HF Stradale,Classic Rally,,Legendary,550000,C,544
1968,Lancia,Fulvia Coupe Rallye 1.6 HF,Classic Rally,,Rare,60000,D,490
2018,Land Rover,Range Rover Velar First Edition,Sports Utility Heroes,,Epic,85000,B,658
2015,Land Rover,Range Rover Sport SVR,Sports Utility Heroes,,Epic,133000,A,752
1997,Land Rover,Defender 90,Offroad,,Rare,30000,D,357
1973,Land Rover,Range Rover,Offroad,,Legendary,50000,D,235
1972,Land Rover,Series III Forza Edition,Offroad,Destruction,FE,270000,D,126
1972,Land Rover,Series III,Offroad,,Common,20000,D,100
2019,LEGO Speed Champions,McLaren Senna,Hypercars,,Legendary,1000000,S2,978
2019,LEGO Speed Champions,Bugatti Chiron,Hypercars,,Legendary,2400000,S2,937
1987,LEGO Speed Champions,Ferrari F40 Competizione,Extreme Track Toys,,Legendary,3000000,S2,973
1974,LEGO Speed Champions,Porsche 911 Turbo 3.0,Extreme Track Toys,,Legendary,500000,S1,898
1967,LEGO Speed Champions,Mini Cooper S Rally,Rally Monsters,,Legendary,500000,S1,831
2015,Lexus,RC F,Super Saloons,,Rare,250000,A,761
2010,Lexus,LFA,Modern Super Cars,,Epic,500000,S1,826
2009,Lexus,IS F,Super Saloons,,Rare,250000,A,737
2014,Local Motors,Rally Fighter,Extreme Offroad,,Epic,100000,A,760
1969,Lola,#6 Penske Sunoco T70 MkIIIB,Classic Racers,,Legendary,850000,S1,828
2016,Lotus,3-Eleven,Track Toys,,Rare,150000,S1,870
2012,Lotus,Exige S,Modern Sports Cars,,Rare,85000,A,772
2011,Lotus,Evora S,Modern Sports Cars,,Rare,43000,A,748
2009,Lotus,2-Eleven,Track Toys,,Rare,130000,S1,813
2005,Lotus,Elise 111S,Retro Sports Cars,,Rare,45000,B,650
2002,Lotus,Esprit V8,Retro Super Cars,,Rare,42000,A,756
2000,Lotus,340R,Retro Sports Cars,,Rare,40000,A,706
1999,Lotus,Elise Series 1 Sport 190,Track Toys,,Legendary,81000,A,728
1997,Lotus,Elise GT1,Track Toys,,Legendary,1800000,S1,815
1971,Lotus,Elan Sprint,Classic Sports Cars,,Rare,57000,D,456
1956,Lotus,Eleven,Classic Racers,,Rare,140000,C,553
2017,Maserati,Levante S,Sports Utility Heroes,,Rare,85000,A,723
2014,Maserati,Ghibli S Q4,Super Saloons,,Legendary,250000,A,737
2010,Maserati,Gran Turismo S,GT Cars,,Rare,156000,A,727
2008,Maserati,MC12 Versione Corsa,Extreme Track Toys,,Legendary,2500000,S2,993
2004,Maserati,MC12 Forza Edition,Extreme Track Toys,Speed Skills,FE,1250000,S2,945
2004,Maserati,MC12,Retro Super Cars,,Epic,1000000,S1,861
1961,Maserati,Tipo 61 Birdcage,Classic Racers,,Legendary,2400000,A,747
1957,Maserati,300 S,Classic Racers,,Legendary,6000000,B,668
1953,Maserati,A6GCS/53 PininFarina Berlinetta,Rare Classics,,Legendary,2000000,D,486
1939,Maserati,8CTF,Vintage Racers,,Legendary,10000000,B,648
2016,Mazda,MX-5,Modern Sports Cars,,Common,35000,B,625
2013,Mazda,MX-5,Modern Sports Cars,,Common,26000,C,525
2011,Mazda,RX-8 R3,Modern Sports Cars,,Common,27000,B,638
2005,Mazda,Mazdaspeed MX-5,Retro Sports Cars,,Common,25000,B,605
2002,Mazda,RX-7 Spirit R Type-A,Retro Sports Cars,,Common,25000,A,711
1997,Mazda,RX-7,Retro Sports Cars,,Common,35000,B,681
1994,Mazda,MX-5 Miata,Retro Sports Cars,,Common,25000,D,428
1990,Mazda,Savanna RX-7,Retro Sports Cars,,Common,25000,C,561
1985,Mazda,RX-7 GSL-SE,Retro Sports Cars,,Common,250000,D,427
2019,McLaren,Speedtail,Hypercars,,Legendary,2250000,S2,940
2019,McLaren,720S Spider,Modern Super Cars,,Epic,250000,S2,914
2018,McLaren,720S Coupe Preorder Car,Modern Super Cars,,Epic,340000,S2,998
2018,McLaren,Senna,Hypercars,,Legendary,1000000,S2,977
2018,McLaren,720S Coupe,Modern Super Cars,,Epic,340000,S2,929
2018,McLaren,600LT Coupe,Track Toys,,Legendary,250000,S1,890
2015,McLaren,650S Coupe,Modern Super Cars,,Epic,420000,S1,877
2015,McLaren,570S Coupe,Modern Super Cars,,Epic,224000,S1,848
2014,McLaren,650S Spider,Modern Super Cars,,Epic,420000,S1,873
2013,McLaren,P1,Hypercars,,Legendary,1350000,S2,962
2013,McLaren,P1 'Owen's Edition',Hypercars,,Legendary,1200000,S2,957
2011,McLaren,12C Coupe,Modern Super Cars,,Legendary,250000,S1,854
1997,McLaren,F1 GT,Retro Super Cars,,Legendary,5200000,S1,888
1993,McLaren,F1,Retro Super Cars,,Legendary,2000000,S1,826
2018,Mercedes-AMG,E 63 S,Super Saloons,,Rare,250000,S1,805
2018,Mercedes-AMG,GT 4-Door Coupe,Super Saloons,,Rare,105000,A,797
2017,Mercedes-AMG,GT R Preorder Car,Super GT,,Epic,295000,S1,900
2017,Mercedes-AMG,GT R,Super GT,,Epic,295000,S1,858
2016,Mercedes-AMG,C 63 S Coupe,Super Saloons,,Rare,90000,A,777
2015,Mercedes-AMG,GT S,Super GT,,Rare,157000,S1,820
2018,Mercedes-Benz,X-Class,Offroad,,Rare,65000,D,417
2017,Mercedes-Benz,"E 350 D 4Matic All-Terrain ""Project E-AT""",Offroad,,Epic,250000,C,578
2015,Mercedes-Benz,#24 Tankpool24 Racing Truck,Trucks,,Epic,500000,B,682
2014,Mercedes-Benz,G 63 AMG 6x6,Offroad,,Legendary,250000,B,674
2014,Mercedes-Benz,Unimog U5023,Trucks,,Epic,100000,D,163
2013,Mercedes-Benz,E 63 AMG,Super Saloons,,Epic,105000,A,777
2013,Mercedes-Benz,A 45 AMG,Super Hot Hatch,,Rare,65000,A,722
2013,Mercedes-Benz,G 65 AMG,Offroad,,Legendary,261000,A,712
2012,Mercedes-Benz,C 63 AMG Coupe Black Series,Super Saloons,,Rare,143000,A,792
2012,Mercedes-Benz,SLK 55 AMG,Modern Sports Cars,,Rare,78000,A,766
2011,Mercedes-Benz,SLS AMG,Super GT,,Rare,200000,S1,822
2009,Mercedes-Benz,SL 65 AMG Black Series,Super GT,,Legendary,210000,S1,820
2009,Mercedes-Benz,SL 65 AMG Black Series Forza Edition,Super GT,Drift Skills,FE,460000,S1,820
1998,Mercedes-Benz,AMG CLK GTR,Retro Super Cars,,Legendary,2000000,S1,848
1990,Mercedes-Benz,190E 2.5-16 Evolution II,Retro Saloons,,Epic,150000,C,579
1987,Mercedes-Benz,AMG Hammer Coupe,Retro Saloons,,,250000,A,701
1967,Mercedes-Benz,280 SL,Rare Classics,,Epic,150000,D,448
1955,Mercedes-Benz,300 SLR,Classic Racers,,Legendary,8000000,A,708
1954,Mercedes-Benz,300 SL Coupe,Rare Classics,,Legendary,1200000,D,476
1939,Mercedes-Benz,W154,Vintage Racers,,Legendary,10000000,B,676
1929,Mercedes-Benz,Super Sport Kurz Barker Roadster,Rare Classics,,Epic,5000000,D,229
1970,Mercury,Cougar Eliminator,Classic Muscle,,Rare,250000,C,458
1949,Mercury,Coupe,Rods and Customs,,Common,45000,D,158
1971,Meyers,Manx,Cult Cars,,Rare,35000,D,218
1986,MG,Metro 6R4,Rally Monsters,,Epic,125000,S1,852
1966,MG,MGB GT,Classic Sports Cars,,Legendary,30000,D,316
1958,MG,MGA Twin-Cam,Classic Sports Cars,,Rare,40000,D,222
1938,MG,TA Midget,Classic Sports Cars,,Rare,50000,D,100
2018,MINI,X-Raid John Cooper Works Buggy,Offroad Buggies,,Legendary,500000,B,674
2018,MINI,John Cooper Works Convertible,Hot Hatch,,Legendary,250000,B,639
2018,MINI,John Cooper Works Countryman ALL4,Offroad,,Legendary,250000,C,580
2013,MINI,X-Raid ALL4 Racing Countryman,Extreme Offroad,,Legendary,500000,B,682
2012,MINI,John Cooper Works GP,Hot Hatch,,Common,38000,B,642
2009,MINI,John Cooper Works,Hot Hatch,,Rare,25000,B,639
1965,MINI,Cooper S,Classic Rally,,Legendary,30000,D,205
2008,Mitsubishi,Lancer Evolution X GSR,Modern Rally,,Rare,43000,B,678
2006,Mitsubishi,Lancer Evolution IX MR,Modern Rally,,Common,31000,B,649
2004,Mitsubishi,Lancer Evolution VIII MR,Modern Rally,,Common,31000,B,686
1999,Mitsubishi,Lancer Evolution VI GSR,Retro Rally,,Common,28000,B,675
1997,Mitsubishi,GTO,Retro Sports Cars,,Common,20000,B,602
1995,Mitsubishi,Eclipse GSX,Retro Sports Cars,,Common,25000,C,543
1992,Mitsubishi,Galant VR-4,Retro Rally,,Common,25000,C,532
1988,Mitsubishi,Starion ESI-R,Retro Sports Cars,,Rare,250000,C,555
2018,Morgan,Aero GT,Track Toys,,Rare,160000,S1,811
2014,Morgan,3 Wheeler,Cult Cars,,Rare,50000,D,450
2010,Morgan,Aero SuperSports,Modern Sports Cars,,Epic,160000,A,766
1965,Morris,Mini-Traveller,Vans & Utility,,Legendary,250000,D,100
1958,Morris,Minor 1000,Cult Cars,,Common,20000,D,100
1953,Morris,Minor Series II Traveler,Cult Cars,,Rare,25000,D,100
2010,Mosler,MT900S,Extreme Track Toys,,Epic,320000,S2,957
1933,Napier,Napier-Railton,Vintage Racers,,Legendary,1000000,B,628
2018,Nissan,Sentra NISMO,Super Saloons,,Common,24000,C,588
2017,Nissan,GT-R Preorder Car,Modern Super Cars,,Epic,132000,S1,900
2017,Nissan,GT-R,Modern Super Cars,,Epic,132000,S1,836
2016,Nissan,Titan Warrior Concept Forza Edition,Extreme Offroad,Destruction,FE,300000,C,583
2016,Nissan,Titan Warrior Concept,Offroad,,Common,50000,D,491
2012,Nissan,GT-R Black Edition,Modern Super Cars,,Epic,105000,S1,820
2010,Nissan,370Z,Modern Sports Cars,,Common,40000,A,716
2003,Nissan,Fairlady Z,Retro Sports Cars,,Common,35000,B,671
2002,Nissan,Skyline GT-R V-Spec II,Retro Sports Cars,,Rare,63000,B,691
2000,Nissan,Silvia Spec-R,Retro Sports Cars,,Common,25000,B,643
1998,Nissan,R390,Retro Super Cars,,Legendary,730000,S1,877
1998,Nissan,Silvia K's Aero,Retro Sports Cars,,Common,25000,C,593
1997,Nissan,Skyline GT-R V-Spec,Retro Sports Cars,,Common,37000,B,633
1995,Nissan,NISMO GT-R LM Forza Edition,Extreme Track Toys,Event Influence,FE,1350000,S1,886
1995,Nissan,NISMO GT-R LM,Retro Sports Cars,,Legendary,1100000,B,685
1994,Nissan,Fairlady Z Version S Twin Turbo,Retro Sports Cars,,Epic,25000,B,655
1994,Nissan,Silvia K's,Retro Sports Cars,,Common,25000,C,600
1993,Nissan,Skyline GT-R V-Spec,Retro Sports Cars,,Epic,85000,B,620
1993,Nissan,240SX SE,Retro Sports Cars,,Common,25000,D,449
1992,Nissan,Silvia CLUB K's,Retro Sports Cars,,Common,25000,C,525
1990,Nissan,Pulsar GTi-R,Retro Rally,,Rare,250000,C,598
1987,Nissan,Skyline GTS-R (R31),Retro Sports Cars,,Epic,100000,C,538
1973,Nissan,Skyline H/T 2000GT-R,Classic Sports Cars,,Legendary,170000,D,494
1971,Nissan,Skyline 2000GT-R,Classic Sports Cars,,Rare,60000,D,455
1969,Nissan,Fairlady Z 432,Classic Sports Cars,,Legendary,150000,D,439
2010,Noble,M600,Hypercars,,Epic,450000,S1,900
1969,Oldsmobile,Hurst/Olds 442,Classic Muscle,,Common,65000,C,520
1984,Opel,Manta 400,Rally Monsters,,Epic,100000,A,740
1963,Opel,Kadett A,Cult Cars,,Common,25000,D,100
2016,Pagani,Huayra BC,Hypercars,,Legendary,1500000,S2,961
2012,Pagani,Huayra,Hypercars,,Legendary,1300000,S1,900
2010,Pagani,Zonda R Forza Edition,Extreme Track Toys,Clean Skills,FE,1950000,S2,986
2010,Pagani,Zonda R,Extreme Track Toys,,Legendary,1700000,S2,966
2009,Pagani,Zonda Cinque Roadster,Hypercars,,Legendary,2100000,S2,908
1965,Peel,Trident,Cult Cars,,Legendary,25000,D,100
1962,Peel,P50,Cult Cars,,Legendary,20000,D,100
2011,Penhall,The Cholla,Offroad Buggies,,Epic,100000,B,646
2007,Peugeot,207 Super 2000,Rally Monsters,,Legendary,250000,A,774
1991,Peugeot,205 Rallye,Retro Hot Hatch,,Rare,250000,C,504
1984,Peugeot,205 Turbo 16 Forza Edition,Rally Monsters,Skills,FE,450000,A,703
1984,Peugeot,205 T16,Retro Rally,,Legendary,200000,C,597
1971,Plymouth,Cuda 426 Hemi,Classic Muscle,,Rare,160000,C,560
1970,Plymouth,Hemi Cuda Convertible Barrett-Jackson Edition,Classic Muscle,,Rare,55000,B,689
1959,Plymouth,Atomic Punk Bubbletop,Rods and Customs,,Epic,105000,A,717
1958,Plymouth,Fury,Rods and Customs,,Legendary,250000,C,518
2015,Polaris,RZR XP 1000 EPS,Offroad Buggies,,Common,25000,D,464
1987,Pontiac,Firebird Trans Am GTA,Retro Muscle,,Common,25000,C,505
1977,Pontiac,Firebird Trans Am,Classic Muscle,,Common,45000,D,431
1973,Pontiac,Firebird Trans Am SD-455,Classic Muscle,,Common,61000,C,536
1969,Pontiac,GTO Judge,Classic Muscle,,Rare,90000,C,514
1968,Pontiac,Firebird,Classic Muscle,,Epic,250000,C,509
1965,Pontiac,GTO,Classic Muscle,,Legendary,48000,C,514
2019,Porsche,911 GT3 RS,Track Toys,,Legendary,240000,S2,915
2019,Porsche,911 Carrera S,Modern Sports Cars,,Rare,105000,S1,840
2019,Porsche,Macan Turbo,Sports Utility Heroes,,Legendary,250000,A,720
2018,Porsche,911 GT2 RS,Track Toys,,Legendary,315000,S2,910
2018,Porsche,718 Cayman GTS,Modern Sports Cars,,Epic,250000,S1,808
2018,Porsche,Cayenne Turbo,Sports Utility Heroes,,Legendary,220000,A,769
2017,Porsche,Panamera Turbo,Super Saloons,,Rare,150000,A,789
2016,Porsche,911 GT3 RS Preorder Car,Track Toys,,Legendary,235000,S2,998
2016,Porsche,911 GT3 RS,Track Toys,,Epic,235000,S2,904
2016,Porsche,Cayman GT4,Track Toys,,Rare,85000,S1,840
2015,Porsche,Cayman GTS,Modern Sports Cars,,Rare,80000,A,791
2015,Porsche,Macan Turbo,Sports Utility Heroes,,Epic,105000,A,708
2014,Porsche,918 Spyder,Hypercars,,Epic,850000,S2,942
2014,Porsche,911 Turbo S,Modern Super Cars,,Epic,150000,S1,827
2012,Porsche,911 GT2 RS,Track Toys,,Legendary,240000,S1,882
2012,Porsche,911 GT3 RS 4.0,Track Toys,,Legendary,200000,S1,847
2012,Porsche,Cayenne Turbo,Sports Utility Heroes,,Epic,110000,A,740
2004,Porsche,911 GT3,Retro Super Cars,,Rare,65000,S1,803
2003,Porsche,Carrera GT,Retro Super Cars,,Epic,400000,S1,866
1998,Porsche,911 GT1 Strassenversion,Retro Super Cars,,Legendary,2500000,S1,850
1995,Porsche,911 Carrera 2 by Gunther Werks,Modern Sports Cars,,Epic,500000,S1,823
1995,Porsche,911 GT2,Retro Super Cars,,Epic,550000,A,774
1993,Porsche,968 Turbo S,Retro Sports Cars,,Rare,140000,A,716
1990,Porsche,911 Reimagined by Singer,Track Toys,,Epic,1800000,S1,855
1989,Porsche,944 Turbo,Retro Sports Cars,,Common,35000,B,659
1987,Porsche,959,Retro Super Cars,,Legendary,400000,A,784
1985,Porsche,#185 959 Prodrive Rally Raid,Rally Monsters,,Common,205000,A,779
1982,Porsche,911 Turbo 3.3 (930),Retro Super Cars,,Legendary,150000,B,688
1973,Porsche,911 Carrera RS,Rare Classics,,Epic,200000,B,631
1971,Porsche,#23 917/20,Classic Racers,,Legendary,10000000,S1,861
1970,Porsche,#3 917 LH,Classic Racers,,Common,250000,S1,868
1970,Porsche,914/6,Classic Sports Cars,,Legendary,24000,D,408
1966,Porsche,906 Carrera 6,Classic Racers,,Legendary,250000,A,748
1964,Porsche,356 C Cabriolet Emory Special,Classic Sports Cars,,Epic,250000,B,687
1960,Porsche,356 RSR from Emory Motorsport,Extreme Track Toys,,Epic,250000,S1,846
1960,Porsche,"718 RS 60 ""Welcome Pack""",Classic Racers,,Legendary,1000000,A,800
1960,Porsche,718 RS 60,Classic Racers,,Legendary,1000000,A,716
1959,Porsche,356 A 1600 Super,Rare Classics,,Common,240000,D,180
1957,Porsche,356A Speedster,Rare Classics,,Epic,300000,D,185
1955,Porsche,550A Spyder,Classic Racers,,Epic,600000,D,387
1951,Porsche,#46 356 SL Gmund Coupe,Classic Racers,,Epic,250000,D,199
2058,Quadra,Turbo-R V-Tech,Modern Super Cars,,Legendary,1000000,S1,890
723,Quartz,Regalia,GT Cars,,Epic,500000,B,675
723,Quartz,Regalia Type-D,Extreme Offroad,,Legendary,500000,C,597
2015,Radical,RXC Turbo,Extreme Track Toys,,Epic,330000,S2,958
2019,RAESR,Tachyon Speed,Hypercars,,Legendary,1050000,S2,969
2017,Ram,Rebel TRX Concept,Offroad,,Epic,100000,A,716
2017,Ram,2500 Power Wagon,Offroad,,Common,47000,C,518
1972,Reliant,Supervan III,Cult Cars,,Common,35000,D,100
2018,Renault,Megane R.S.,Super Hot Hatch,,Rare,250000,A,702
2016,Renault,Clio R.S. 16 Concept,Super Hot Hatch,,Rare,250000,A,731
2013,Renault,Clio R.S. 200 EDC,Hot Hatch,,Common,29000,B,606
2010,Renault,Clio R.S. Forza Edition,Track Toys,Clean Skills,FE,25000,A,701
2010,Renault,Megane R.S. 250,Super Hot Hatch,,Common,30000,B,666
2010,Renault,Clio R.S.,Hot Hatch,,Common,25000,C,598
2008,Renault,Megane R26.R,Super Hot Hatch,,Rare,250000,A,704
2007,Renault,Clio RS 197,Hot Hatch,,Common,250000,C,592
2003,Renault,Sport Clio V6,Hot Hatch,,Rare,250000,B,627
1993,Renault,Clio Williams,Retro Hot Hatch,,Common,30000,C,502
1980,Renault,5 Turbo Forza Edition,Rally Monsters,Sills,FE,316000,B,675
1980,Renault,5 Turbo,Retro Rally,,Rare,120000,C,512
1973,Renault,Alpine A110 1600s,Classic Rally,,Epic,98000,C,522
2019,Rimac,Concept Two,Hypercars,,Legendary,2000000,S2,994
2016,RJ Anderson,#37 Polaris RZR-Rockstar Energy Pro 2 Truck,Extreme Offroad,,Epic,500000,S1,815
2010,Rossion,Q1,Modern Super Cars,,Epic,180000,S1,855
1984,Rover,SD1 Vitesse,Retro Saloons,,Rare,250000,D,498
2010,Saleen,S5S Raptor,Modern Super Cars,,Epic,180000,S1,873
2004,Saleen,S7,Retro Super Cars,,Legendary,388000,S1,879
2012,Shelby,1000,Modern Muscle,,Epic,250000,A,782
1965,Shelby,Cobra 427 S/C,Rare Classics,,Legendary,2100000,B,700
1965,Shelby,Cobra Daytona Coupe,Classic Racers,,Legendary,8000000,B,645
1963,Shelby,Monaco King Cobra,Classic Racers,,Epic,550000,S1,837
2016,Spania GTA,GTA Spano,Modern Super Cars,,Epic,800000,S2,931
2016,Subaru,"#199 WRX STI VT15R Rally Car ""Welcome Pack""",Rally Monsters,,Legendary,300000,A,800
2016,Subaru,#199 WRX STI VT15R Rally Car,Rally Monsters,,Legendary,300000,A,762
2015,Subaru,WRX STI,Modern Rally,,Rare,42000,B,693
2013,Subaru,BRZ,Modern Sports Cars,,Common,32000,C,562
2011,Subaru,WRX STI ,Modern Rally,,Common,33000,B,682
2008,Subaru,Impreza WRX STI,Modern Rally,,Common,31000,B,681
2005,Subaru,Impreza WRX STi,Modern Rally,,Rare,51000,B,694
2004,Subaru,Impreza WRX STi,Modern Rally,,Common,28000,B,670
1998,Subaru,Impreza 22B STi,Retro Rally,,Legendary,110000,B,650
1990,Subaru,Legacy RS,Retro Rally,,Common,25000,C,503
1967,Sunbeam,Tiger,Classic Sports Cars,,Rare,65000,D,500
1979,Talbot,Sunbeam Lotus,Classic Rally,,Common,25000,D,469
2017,TAMO,Racemo,Modern Sports Cars,,Legendary,600000,C,577
2014,Terradyne,Gurkha LAPV,Offroad,,Legendary,450000,D,223
2018,Top Gear,Track-Tor,Extreme Offroad,,Legendary,250000,C,577
2016,Toyota,Land Cruiser Arctic Trucks AT37,Extreme Offroad,,Rare,83000,D,444
2013,Toyota,GT86,Modern Sports Cars,,Epic,250000,C,580
2007,Toyota,Hilux Arctic Trucks AT38,Extreme Offroad,,Common,55000,C,516
1998,Toyota,Supra RZ,Retro Sports Cars,,Legendary,250000,B,693
1995,Toyota,MR2 GT,Retro Sports Cars,,Rare,250000,B,621
1994,Toyota,Celica GT-Four ST205,Retro Rally,,Rare,250000,C,595
1993,Toyota,"#1 T100 Baja Truck ""Welcome Pack""",Extreme Offroad,,Legendary,500000,A,800
1993,Toyota,#1 T100 Baja Truck,Extreme Offroad,,Legendary,500000,A,732
1992,Toyota,Supra 2.0 GT Twin Turbo,Retro Sports Cars,,Rare,250000,C,579
1992,Toyota,Celica GT-Four RC ST185,Retro Rally,,Epic,250000,C,577
1989,Toyota,MR2 SC,Retro Sports Cars,,Rare,250000,D,481
1985,Toyota,Sprinter Trueno GT Apex,Retro Sports Cars,,Epic,250000,D,444
1974,Toyota,Celica GT,Classic Sports Cars,,Rare,250000,D,312
1974,Toyota,Corolla SR5,Cult Cars,,Rare,250000,D,290
1969,Toyota,2000GT,Classic Sports Cars,,Legendary,750000,D,447
1979,Triumph,TR7 Roadster,Classic Sports Cars,,Epic,250000,D,245
1970,Triumph,TR6 PI,Classic Sports Cars,,Common,25000,D,419
1962,Triumph,TR3B,Classic Sports Cars,,Common,25000,D,243
1962,Triumph,Spitfire,Classic Sports Cars,,Legendary,20000,D,203
2018,TVR,Griffith,Modern Sports Cars,,Common,105000,S1,844
2005,TVR,Sagaris Forza Edition,Retro Sports Cars,Speed Skills,FE,336000,S2,902
2005,TVR,Sagaris,Retro Sports Cars,,Rare,86000,A,797
2001,TVR,Tuscan S,Retro Super Cars,,Epic,250000,A,747
1998,TVR,Cerbera Speed 12,Extreme Track Toys,,Legendary,500000,S1,874
2015,Ultima,Evolution Coupe 1020,Extreme Track Toys,,Rare,130000,S2,998
2016,Vauxhall,Corsa VXR,Hot Hatch,,Common,28000,B,610
2012,Vauxhall,Astra VXR,Super Hot Hatch,,Common,25000,B,684
2010,Vauxhall,Insignia VXR,Super Saloons,,Common,42000,B,676
2009,Vauxhall,Corsa VXR,Hot Hatch,,Rare,250000,C,600
2005,Vauxhall,Monaro VXR,Modern Muscle,,Common,25000,A,716
2004,Vauxhall,VX220 Turbo,Modern Sports Cars,,Common,20000,A,717
1990,Vauxhall,Lotus Carlton,Retro Saloons,,Common,70000,B,665
2018,Volkswagen,#94 Volkswagen Motorsport I.D R Pikes Peak,Extreme Track Toys,,Legendary,250000,S2,998
2017,Volkswagen,#34 Volkswagen Andretti Rallycross Beetle,Rally Monsters,,Legendary,500000,S1,869
2014,Volkswagen,Global Rallycross Beetle,Rally Monsters,,Legendary,500000,S1,846
2014,Volkswagen,Golf R,Super Hot Hatch,,Rare,50000,B,672
2011,Volkswagen,Scirocco R,Hot Hatch,,Rare,45000,B,678
2010,Volkswagen,Golf R,Super Hot Hatch,,Rare,64000,B,661
2008,Volkswagen,Touareg R50,Sports Utility Heroes,,Common,48000,B,631
2003,Volkswagen,Golf R32 ,Hot Hatch,,Common,20000,B,630
1998,Volkswagen,Gti VR6 Mk3,Retro Hot Hatch,,Common,25000,C,512
1995,Volkswagen,Corrado VR6,Retro Hot Hatch,,Common,20000,C,535
1992,Volkswagen,Golf Gti 16v Mk2,Retro Hot Hatch,,Common,20000,D,454
1983,Volkswagen,Golf GTI,Retro Hot Hatch,,Common,20000,D,408
1981,Volkswagen,Scirocco S,Retro Hot Hatch,,Common,20000,D,264
1970,Volkswagen,#1107 Desert Dingo Racing Stock Bug,Offroad Buggies,,Common,25000,D,438
1969,Volkswagen,Class 5/1600 Baja Bug,Offroad Buggies,,Rare,60000,D,407
1967,Volkswagen,Type 3 1600 L (Notchback),Cult Cars,,Epic,250000,D,153
1967,Volkswagen,Karmann Ghia,Cult Cars,,Epic,250000,D,100
1966,Volkswagen,Double Cab Pick-Up,Vans & Utility,,Rare,50000,D,100
1963,Volkswagen,Beetle,Cult Cars,,Common,20000,D,100
1963,Volkswagen,Type 2 De Luxe,Cult Cars,,Rare,40000,D,100
1963,Volkswagen,Type 2 De Luxe Forza Edition,Cult Cars,Speed Skills,FE,290000,D,100
2016,Volvo,Iron Knight,Trucks,,Epic,800000,A,797
2015,Volvo,V60 Polestar,Super Saloons,,Common,62000,B,652
1997,Volvo,850 R,Retro Saloons,,Common,25000,C,544
1983,Volvo,242 Turbo Evolution,Classic Rally,,Rare,45000,C,512
2016,W Motors,Lykan HyperSport,Hypercars,,Legendary,3400000,S2,907
1945,Willys,MB Jeep,Offroad,,Common,40000,D,100
2019,Zenvo,TSR-S,Hypercars,,Legendary,1200000,S2,972
2016,Zenvo,ST1,Hypercars,,Legendary,1000000,S1,900
